{
  "best_sequence": "WWLT",
  "best_score": 0.7634964523535905,
  "best_scores_history": [
    0.1927247522185449,
    0.1927247522185449,
    0.2644051479947961,
    0.7634964523535905,
    0.7634964523535905,
    0.7634964523535905,
    0.7634964523535905,
    0.7634964523535905
  ],
  "best_sequences_history": [
    "EWLT",
    "EWLT",
    "WCLV",
    "WWLT",
    "WWLT",
    "WWLT",
    "WWLT",
    "WWLT"
  ],
  "final_population": [
    [
      "WWLT",
      0.7634964523535905
    ],
    [
      "WWFV",
      0.7161573945114765
    ],
    [
      "WSFV",
      0.601167088048673
    ],
    [
      "WWLV",
      0.6008748012376368
    ],
    [
      "WIFV",
      0.5623276067769148
    ],
    [
      "WWFT",
      0.5246839375422451
    ],
    [
      "WCFV",
      0.4674310031328889
    ],
    [
      "WSFT",
      0.4370840649640638
    ],
    [
      "YWLT",
      0.43698893642410785
    ],
    [
      "WILV",
      0.4168464038088214
    ],
    [
      "FWLT",
      0.4075575020719986
    ],
    [
      "WYLT",
      0.3972691161618952
    ],
    [
      "WYFV",
      0.3871027804905151
    ],
    [
      "YWFV",
      0.38579940411946306
    ],
    [
      "WSLT",
      0.37681323639280884
    ],
    [
      "WCFT",
      0.3647429160843084
    ],
    [
      "WCLT",
      0.35935444232697644
    ],
    [
      "WFLT",
      0.35258646327659154
    ],
    [
      "WFFV",
      0.31549667592077585
    ],
    [
      "WALV",
      0.31123847251473413
    ],
    [
      "WSLV",
      0.2708873827158494
    ],
    [
      "WYLV",
      0.26996849780850135
    ],
    [
      "WCLV",
      0.2644051479947961
    ],
    [
      "WFLV",
      0.22994185392867283
    ],
    [
      "WYFT",
      0.2143555113930248
    ],
    [
      "EWLT",
      0.1927247522185449
    ],
    [
      "FSLT",
      0.18106852038544444
    ],
    [
      "YWLV",
      0.15423286988971507
    ],
    [
      "YWFT",
      0.1535087719818837
    ],
    [
      "WTLV",
      0.15201688733941782
    ],
    [
      "YFLT",
      0.14845654880069759
    ],
    [
      "QSLT",
      0.13004429356781766
    ]
  ],
  "oracle_calls": 196,
  "all_results": {
    "QGQA": 0.00034197908524648523,
    "QPVM": 0.00020103491261618797,
    "VSNE": 0.00019489736288005372,
    "QGPH": 0.00021509545620159186,
    "EYWH": 0.0,
    "VCCK": 0.0001907380222217114,
    "IMHL": 0.0004887661248783147,
    "PWPT": 0.00026735929949643714,
    "EVYF": 0.0004314625448698518,
    "EGLM": 0.0004353225234782866,
    "NGMI": 0.0002317113624623411,
    "NGSF": 0.00017330209448609144,
    "PMNE": 0.0002543173629622819,
    "CHEK": 0.0004285072719303524,
    "DDVK": 0.0,
    "GATH": 0.00010676120367573375,
    "MMEM": 0.0,
    "LPKY": 0.00045008679043377436,
    "VDLQ": 0.0,
    "QIKY": 0.0001681775594487676,
    "HIKR": 0.00033878379767070846,
    "PMIK": 0.0003574975208736427,
    "FLIF": 0.00015878697253820875,
    "ANSF": 0.0,
    "SDIP": 0.0004648985353201664,
    "EVKK": 0.0,
    "PVRY": 0.0003750723443830856,
    "AATQ": 0.0,
    "KVER": 0.0002279372093443869,
    "GVQM": 0.0,
    "SGIQ": 0.0001022255775890478,
    "LNWQ": 0.0,
    "PMIR": 4.3445844796175954e-05,
    "WCHV": 0.002438255391399585,
    "SKLK": 0.0002756037965460841,
    "EWLT": 0.1927247522185449,
    "MPGS": 0.004855012981119132,
    "CHER": 0.0016943893166065614,
    "LPRY": 0.000496524315525119,
    "SKLE": 0.0003191942435981628,
    "EGKM": 0.0006655538527484045,
    "HIKK": 0.00045334827320167717,
    "LPKF": 0.0,
    "QWFK": 0.0006427609078955286,
    "EVWF": 0.000270831465582727,
    "EGLK": 0.0003115641064092297,
    "SKIQ": 0.00010289814356697588,
    "LPKC": 0.00041159257426790353,
    "PWYF": 0.0,
    "IVHL": 0.000182930071051171,
    "LPNE": 0.0,
    "IMFL": 0.0005192454728334307,
    "EGLF": 0.00025724535891743974,
    "SDNE": 0.000496524315525119,
    "KVKR": 0.00036204901098051053,
    "KGER": 0.0003108674590769248,
    "LPKR": 0.0,
    "QWQA": 0.0001518497164034079,
    "EVPH": 0.0004023284430002336,
    "SKLQ": 0.0002263461280108903,
    "CHPT": 0.0009127091241819404,
    "SKLR": 0.00021654581568700002,
    "EVYW": 0.0,
    "SKLA": 0.0014549317471097836,
    "EYLT": 0.06370649360143989,
    "EWIT": 0.0005170418577134857,
    "EWYT": 0.0015640516680883918,
    "EWLV": 0.0036801214779835704,
    "EWLS": 0.04485148075545025,
    "SKLN": 0.00021798624589358927,
    "EWFT": 0.10674249326229042,
    "DWLT": 0.0024062332389493675,
    "EFLT": 0.025969159311208332,
    "MPGT": 0.005057412427730247,
    "EWLF": 0.0021573126102196172,
    "QWLT": 0.10444245651355018,
    "EWLY": 0.0006655538527484045,
    "EWRT": 0.0012899395459579739,
    "EWVT": 0.0014511819036054894,
    "WYHV": 0.0005543474136621291,
    "SKLY": 0.0005191872667162164,
    "SWLT": 0.007278260096389494,
    "EWLK": 0.000762951974757204,
    "EWLI": 0.0006133535796639284,
    "EWFY": 0.0010786562480449879,
    "YWYW": 0.0,
    "EYLS": 0.012214498458654995,
    "QWLV": 0.0026602637941223178,
    "KWLT": 0.012579684094575503,
    "EWFL": 0.0003637329938422667,
    "EWFS": 0.00414952471025755,
    "WCLV": 0.2644051479947961,
    "SKLT": 0.005497452728203207,
    "RWLT": 0.005742337048028256,
    "YWFT": 0.1535087719818837,
    "EFLV": 0.0010156179959352263,
    "EWMT": 0.016463701487030802,
    "QWLS": 0.0063076979721044465,
    "QWFT": 0.07168845561154069,
    "WALV": 0.31123847251473413,
    "YWFS": 0.027607881210348358,
    "YWYT": 0.004825265660685215,
    "YWLT": 0.43698893642410785,
    "YWWT": 0.01362959279784696,
    "KYLT": 0.0030910110885282844,
    "WCFT": 0.3647429160843084,
    "WFLV": 0.22994185392867283,
    "WWLV": 0.6008748012376368,
    "WCLF": 0.004056811267647361,
    "WSLV": 0.2708873827158494,
    "WCLT": 0.35935444232697644,
    "WCIV": 0.00330572432456017,
    "EYFT": 0.029046673314191772,
    "YWFK": 0.0007723712082078036,
    "YWFY": 0.0010694369697264654,
    "YWFL": 0.002915360776666345,
    "EYIT": 0.0,
    "WCLI": 0.017361128195684406,
    "YCHV": 0.001443739966195549,
    "SWLQ": 0.0003498996823732814,
    "EWLR": 0.0002543173629622819,
    "WWLT": 0.7634964523535905,
    "WCYV": 0.03658629588218966,
    "WWFV": 0.7161573945114765,
    "QYLT": 0.044134693535940975,
    "QWYT": 0.014823067802264393,
    "SKGT": 0.038653714166076165,
    "SKLV": 0.00023878648720419046,
    "WWFW": 0.0019046998875842205,
    "WYLT": 0.3972691161618952,
    "WWFY": 0.0019098980362403741,
    "WWWV": 0.07887950628141563,
    "FWLT": 0.4075575020719986,
    "WWIV": 0.0014154313640235981,
    "WAIV": 0.0002988133145907871,
    "WWLY": 0.0015187168635941526,
    "WWIT": 0.001285860666696957,
    "WWFT": 0.5246839375422451,
    "WWWT": 0.017543592960186788,
    "WWYV": 0.05285971175689804,
    "WTLV": 0.15201688733941782,
    "WFLT": 0.35258646327659154,
    "WCYT": 0.03417407631527927,
    "WCFV": 0.4674310031328889,
    "YWLV": 0.15423286988971507,
    "WYLV": 0.26996849780850135,
    "YWVT": 0.0021838913494138905,
    "YWST": 0.0017320034791060818,
    "YWIT": 0.0,
    "WSLT": 0.37681323639280884,
    "WYFV": 0.3871027804905151,
    "WWFI": 0.03700099301096827,
    "YWLS": 0.05167658055015778,
    "WCFY": 0.004010388807668707,
    "WWLI": 0.052643689339747404,
    "QWFV": 0.049609762930574994,
    "QSLT": 0.13004429356781766,
    "YWCH": 0.0007704687812120318,
    "WFLY": 0.0009055553641170311,
    "FWLS": 0.03910129101743195,
    "WCFW": 0.0035722166952990393,
    "FWYT": 0.007820258226312318,
    "YWLY": 0.0010009930812721279,
    "WFFV": 0.31549667592077585,
    "WSIV": 0.00043787971222789744,
    "WWVT": 0.01498854220115195,
    "WALF": 0.00267489042073004,
    "WYLI": 0.02102356676938794,
    "WILV": 0.4168464038088214,
    "FSLT": 0.18106852038544444,
    "WWYT": 0.03377616137964922,
    "YQWF": 0.0003959624057216232,
    "WFWV": 0.007983380185027287,
    "WYFI": 0.032887935117923275,
    "WYIT": 0.0009595408530553593,
    "WWLQ": 0.0012678384549924561,
    "WWFL": 0.006924948280121404,
    "WYFT": 0.2143555113930248,