{
  "best_sequence": "FWCA",
  "best_score": -0.06889449909982615,
  "best_scores_history": [
    -0.20419799052451337,
    -0.19413583307476046,
    -0.1380094531267585,
    -0.12088074560925893,
    -0.08749780946413699,
    -0.08443498548677714,
    -0.06889449909982615,
    -0.06889449909982615
  ],
  "best_sequences_history": [
    "VWCG",
    "VWCA",
    "WWFG",
    "WKFG",
    "LWCA",
    "WWCA",
    "FWCA",
    "FWCA"
  ],
  "final_population": [
    [
      "FWCA",
      -0.06889449909982615
    ],
    [
      "WWCA",
      -0.08443498548677714
    ],
    [
      "LWCA",
      -0.08749780946413699
    ],
    [
      "WKFV",
      -0.11875367575624746
    ],
    [
      "WKFG",
      -0.12088074560925893
    ],
    [
      "WKCA",
      -0.13627259052109664
    ],
    [
      "WWFG",
      -0.1380094531267585
    ],
    [
      "WKFA",
      -0.14101688861949585
    ],
    [
      "WWFV",
      -0.14192130274426173
    ],
    [
      "VKCA",
      -0.14690588573792965
    ],
    [
      "WYCA",
      -0.15508669045849083
    ],
    [
      "IWCA",
      -0.15717585118094413
    ],
    [
      "YWCA",
      -0.15905374338527306
    ],
    [
      "YKCA",
      -0.16050148958721275
    ],
    [
      "WWFA",
      -0.16665109529390743
    ],
    [
      "WRFV",
      -0.1808148170399539
    ],
    [
      "LWCG",
      -0.1852486729833856
    ],
    [
      "WRFG",
      -0.1869865487178759
    ],
    [
      "VYCA",
      -0.19412950407255053
    ],
    [
      "VWCA",
      -0.19413583307476046
    ],
    [
      "WRCA",
      -0.19635169624545257
    ],
    [
      "VWCG",
      -0.20419799052451337
    ],
    [
      "FWFG",
      -0.2047852532121361
    ],
    [
      "YWFG",
      -0.21393302440262385
    ],
    [
      "LWFG",
      -0.22159880833022977
    ],
    [
      "VWAG",
      -0.22355858387308886
    ],
    [
      "VWFG",
      -0.22391388040382426
    ],
    [
      "IWCG",
      -0.22597236016831057
    ],
    [
      "VRCA",
      -0.22622426597194595
    ],
    [
      "IWAG",
      -0.22796311352033444
    ],
    [
      "WKCG",
      -0.22995569477269814
    ],
    [
      "WWCG",
      -0.23868665612354684
    ]
  ],
  "oracle_calls": 256,
  "all_results": {
    "WASE": -0.4998105455367925,
    "DYIN": -0.5,
    "EIKG": -0.5,
    "GKTN": -0.24991811249573792,
    "TSHM": -0.5,
    "GELN": -0.5,
    "WNRR": -0.4998568712718999,
    "KERA": -0.49988926132124983,
    "RPFY": -0.4998327217250622,
    "YNRK": -0.4998774894193673,
    "WFTK": -0.3748866629316996,
    "PREI": -0.4998890743768969,
    "QPKS": -0.49976257279682723,
    "DNMY": -0.5,
    "IAIR": -0.4998076985728829,
    "SWWG": -0.4999140631189892,
    "YKPS": -0.37487437333776286,
    "GAIV": -0.5,
    "MWKP": -0.4999424981197393,
    "PHTM": -0.375,
    "HIKG": -0.5,
    "SWCG": -0.37911542283041333,
    "WNPR": -0.4998894662980861,
    "EIRG": -0.4997181889205068,
    "SWCK": -0.49947864946299214,
    "AREI": -0.375,
    "WNPS": -0.4998138033674119,
    "VWCG": -0.20419799052451337,
    "MWKF": -0.49979420371286604,
    "GADV": -0.49989974030548745,
    "PNRR": -0.4999093303339467,
    "VICG": -0.3623886824785335,
    "VWFG": -0.22391388040382426,
    "SKIE": -0.3749500302766309,
    "PHEI": -0.5,
    "VWCY": -0.4993743793670035,
    "VISG": -0.48675693502398726,
    "VWYG": -0.3769868588491988,
    "VFCG": -0.2973533094387194,
    "GRTN": -0.3749255213355518,
    "WCHV": -0.4987808723043002,
    "IFSA": -0.49209235145169117,
    "VWSG": -0.49429738103734927,
    "GKEI": -0.37489974030548745,
    "GKTK": -0.25,
    "SPTM": -0.37487780846878044,
    "VYCG": -0.24528301888838172,
    "ICVE": -0.4994389052419267,
    "QICV": -0.4954548926504032,
    "ARQI": -0.375,
    "WWCG": -0.23868665612354684,
    "MVPY": -0.49986966235148184,
    "VWKT": -0.37487684635590174,
    "VWCH": -0.49917425846162206,
    "GKTR": -0.25,
    "YRPS": -0.49985533799722986,
    "PHYW": -0.5,
    "SKLQ": -0.37488682693599457,
    "KKLY": -0.3748667758416514,
    "WFTR": -0.3748611788669627,
    "GKRN": -0.3749204045042653,
    "WKPS": -0.3747117654760184,
    "VWTN": -0.375,
    "VIVG": -0.4729276168370318,
    "SEKT": -0.3748191848082724,
    "VWFN": -0.49343817417720315,
    "GKFG": -0.336282055041189,
    "GKAR": -0.3749113014099219,
    "VWCA": -0.19413583307476046,
    "GKLY": -0.3749233307882758,
    "KKLF": -0.37458476503528537,
    "WWEI": -0.49973932470296367,
    "WWKG": -0.49947225249658067,
    "WKCG": -0.22995569477269814,
    "VWAG": -0.22355858387308886,
    "GKLQ": -0.3748923817397807,
    "GWYI": -0.4990224677502434,
    "RKLY": -0.3748799960486857,
    "VYSG": -0.4945177571579379,
    "SKLI": -0.37476699417914267,
    "GKTQ": -0.25,
    "SKLK": -0.37486219810172694,
    "SKLE": -0.3748404028782009,
    "WKES": -0.3747864347369681,
    "SPTV": -0.3749165839003832,
    "VFKG": -0.4996730205740948,
    "VFRG": -0.49970987235058845,
    "WWYG": -0.39049314529748713,
    "KRLY": -0.4997635111136756,
    "SFLQ": -0.4998999540703062,
    "SKKQ": -0.37487179902956697,
    "VFSG": -0.49785848515770537,
    "SKVQ": -0.3748208575493645,
    "VYFG": -0.40268123136090045,
    "SRLQ": -0.49983782874119953,
    "WWCT": -0.3002187810104788,
    "VWCK": -0.4992961767664797,
    "CHVY": -0.4993999801863638,
    "WWKW": -0.49982125123956317,
    "VWFA": -0.34821381905448545,
    "VWKG": -0.5,
    "VLCA": -0.3597326865052939,
    "VWTR": -0.37490384925790904,
    "VWKA": -0.49988747827385915,
    "VKCG": -0.2671082953740352,
    "PHYQ": -0.5,
    "GKTW": -0.2498882820318601,
    "SKCQ": -0.374708561799914,
    "IWCG": -0.22597236016831057,
    "VYAG": -0.25866758778585197,
    "QWFK": -0.49967861954605225,
    "RWCG": -0.452124114271922,
    "VYCA": -0.19412950407255053,
    "WCYW": -0.499449831100776,
    "VAVG": -0.470478525349746,
    "SKIQ": -0.3749485509282165,
    "VWCR": -0.4995369584110134,
    "VYKG": -0.4997181889205068,
    "VWCS": -0.47031070119273244,
    "IWAG": -0.22796311352033444,
    "YWCH": -0.499614765609394,
    "WFWF": -0.4981018790585408,
    "GKSR": -0.3749223410560239,
    "VWYA": -0.4645399687469398,
    "WWFG": -0.1380094531267585,
    "VWKR": -0.49988747827385915,
    "VWSA": -0.48684165756561143,
    "GKTS": -0.24994987015274372,
    "VYVG": -0.43852825893797365,
    "GRTQ": -0.3747923825461751,
    "GQTY": -0.375,
    "WWFW": -0.4990476500562079,
    "VWCE": -0.49936485210984716,
    "WKTN": -0.24992563940266602,
    "GWCA": -0.4943749019985887,
    "VYWF": -0.49944141010223564,
    "GKCQ": -0.3747138929666674,
    "VKLQ": -0.37474201211363434,
    "VWCV": -0.4924641148353755,
    "VFCA": -0.26940850371669156,
    "WYCG": -0.2890887078249922,
    "GKAG": -0.3746397577753756,
    "SKLA": -0.3742725341264451,
    "GRTS": -0.37493180006365456,
    "WWKS": -0.4997800982022019,
    "LWAG": -0.31030012137039126,
    "VWVG": -0.43102207047728697,
    "YWCA": -0.15905374338527306,
    "WWWF": -0.49641571500813925,
    "IWYG": -0.3956792742192415,
    "WWWG": -0.46842266514585845,
    "WRCG": -0.2942520821494532,
    "WKFG": -0.12088074560925893,
    "IWCR": -0.49919274752062553,
    "VKTS": -0.24973932470296367,
    "VWFW": -0.4995499132095662,
    "SKTR": -0.24982896155282533,
    "WKAG": -0.34186312325349294,
    "GKRR": -0.3749461600263547,
    "YWYK": -0.5,
    "SKFG": -0.3538497562332833,
    "WYFG": -0.302896156775349,
    "WKYG": -0.34250486321467954,
    "VWAS": -0.39697225800219454,
    "YWFG": -0.21393302440262385,
    "SKLG": -0.3561917840733431,
    "IWFG": -0.26412086258467293,
    "WRFG": -0.1869865487178759,
    "WKCA": -0.13627259052109664,
    "WFKN": -0.49964852772529517,
    "VFAG": -0.31301291167717854,
    "SKLR": -0.3748917270921565,
    "WKFA": -0.14101688861949585,
    "VYSA": -0.480895087521215,
    "IYCG": -0.27700002422835335,
    "VWAK": -0.49958568166750184,
    "VFCS": -0.48788458906737353,
    "WKTK": -0.24994053035352368,
    "VWFY": -0.4993230755822538,
    "YWFA": -0.38148680880882924,
    "VYCV": -0.4918260617751958,