{
  "best_sequence": "MPLS",
  "best_score": 0.527728018,
  "best_scores_history": [
    0.079052993,
    0.094469519,
    0.240023481,
    0.240023481,
    0.269054546,
    0.427976461,
    0.527728018,
    0.527728018
  ],
  "best_sequences_history": [
    "MPGS",
    "REWI",
    "MPKS",
    "MPKS",
    "MPAS",
    "MALS",
    "MPLS",
    "MPLS"
  ],
  "final_population": [
    [
      "MPLS",
      0.527728018
    ],
    [
      "MPIS",
      0.509426193
    ],
    [
      "SPIS",
      0.439559924
    ],
    [
      "MALS",
      0.427976461
    ],
    [
      "SPVS",
      0.414260658
    ],
    [
      "MPVS",
      0.404683579
    ],
    [
      "SAIS",
      0.39445431
    ],
    [
      "MAIS",
      0.368156364
    ],
    [
      "MAVS",
      0.314006587
    ],
    [
      "MPAS",
      0.269054546
    ],
    [
      "MAAS",
      0.261586832
    ],
    [
      "MATS",
      0.240848193
    ],
    [
      "MPKS",
      0.240023481
    ],
    [
      "MVIS",
      0.215087389
    ],
    [
      "SAAS",
      0.186399205
    ],
    [
      "MPQS",
      0.171256612
    ],
    [
      "SPAS",
      0.158838805
    ],
    [
      "MALG",
      0.144196924
    ],
    [
      "SPKS",
      0.142271887
    ],
    [
      "MAKS",
      0.115062667
    ],
    [
      "MAGS",
      0.110558965
    ],
    [
      "REWI",
      0.094469519
    ],
    [
      "LPQS",
      0.089203953
    ],
    [
      "MALA",
      0.083509099
    ],
    [
      "MPIT",
      0.079653854
    ],
    [
      "MPGS",
      0.079052993
    ],
    [
      "MPLT",
      0.074205402
    ],
    [
      "SPGS",
      0.070997444
    ],
    [
      "MPKF",
      0.069877357
    ],
    [
      "MALT",
      0.068571565
    ],
    [
      "MEVR",
      0.066174333
    ],
    [
      "MPIR",
      0.058793023
    ]
  ],
  "oracle_calls": 244,
  "all_results": {
    "LFVK": 0.009794904,
    "TMHF": 0.003007893,
    "VWCP": 0.002688981,
    "KNRS": 0.00375888,
    "NIRC": 0.0,
    "CRNT": 0.002487856,
    "RMVI": 0.013971141,
    "REKR": 0.006433988,
    "MDWG": 0.012636749,
    "YSNH": 0.012749474,
    "GNCY": 0.004581378,
    "YDKA": 0.001606908,
    "NAWG": 0.005770733,
    "GPPN": 0.012564999,
    "VFWY": 0.0,
    "MQRT": 0.0,
    "FHAY": 0.0,
    "HPNP": 0.014794459,
    "NRDV": 0.013087109,
    "MDTL": 0.015589556,
    "RICQ": 0.0,
    "LMDF": 0.001340571,
    "FIIY": 0.009659823,
    "GMYS": 0.010342319,
    "RKKT": 0.000910433,
    "EDDQ": 0.0,
    "MESM": 0.01343699,
    "RWGG": 0.0,
    "WVWF": 0.010930272,
    "EQYQ": 0.0,
    "LINC": 0.004399257,
    "YTDQ": 0.0,
    "MVPY": 0.020383362,
    "RMVY": 0.0,
    "RRVV": 0.011416331,
    "SKWF": 0.015485427,
    "MEWG": 0.02293355,
    "MPGS": 0.079052993,
    "IPHY": 0.0,
    "NREV": 0.011024837,
    "WRDV": 0.020126855,
    "SRLQ": 0.00188401,
    "MDPN": 0.009226443,
    "MDHL": 0.012053162,
    "MEKL": 0.035667502,
    "RSVH": 0.02083764,
    "HNNP": 0.0,
    "GPPG": 0.013386089,
    "RRKK": 0.007897854,
    "MDVI": 0.002974387,
    "RMWI": 0.038367605,
    "MDVL": 0.0,
    "RMKI": 0.0,
    "GMCY": 0.002462697,
    "SKLS": 0.037916249,
    "SKLN": 0.003885024,
    "GPPC": 0.005411931,
    "NRIY": 0.023985473,
    "SKLR": 0.001885091,
    "RVVI": 0.006801126,
    "RYVI": 0.019208251,
    "WFKN": 0.040849097,
    "SKLE": 0.006891882,
    "HPWG": 0.0,
    "MPGT": 0.003487345,
    "SKRS": 0.002328727,
    "WFRN": 0.001922986,
    "SKLY": 0.0,
    "RFWI": 0.0,
    "RYVL": 0.011409187,
    "RWFI": 0.02456501,
    "MEYG": 0.005919067,
    "SKLT": 0.004110608,
    "NREY": 0.001540528,
    "RMPG": 0.009716506,
    "MVPW": 0.006646973,
    "SKIY": 0.011132579,
    "SKLQ": 0.021695009,
    "WFKR": 0.012046399,
    "HPKP": 0.002531722,
    "MEWF": 0.003414891,
    "MEKW": 0.0,
    "QWFK": 0.0,
    "MEVK": 0.054176231,
    "WFVI": 0.004807504,
    "MPLQ": 0.010982058,
    "NKIY": 0.005668083,
    "MEGS": 0.001347624,
    "MPWG": 0.0,
    "SKLA": 0.0,
    "WYCK": 0.009421209,
    "REWI": 0.094469519,
    "MPKN": 0.05177523,
    "SYLQ": 0.006886407,
    "RMWV": 0.021461452,
    "MRDL": 0.003056256,
    "RMKN": 0.025009081,
    "WYKR": 0.0,
    "MEVR": 0.066174333,
    "REWL": 0.00535255,
    "MPWI": 0.0,
    "REWY": 0.005108224,
    "SKFI": 0.00941026,
    "MMWV": 0.0,
    "REWK": 0.020601458,
    "MPVI": 0.016461237,
    "MPGF": 0.030682991,
    "WRVH": 0.006309676,
    "MEFK": 0.0,
    "MEWK": 0.0,
    "REGS": 0.015781121,
    "SKLV": 0.017592186,
    "MEFG": 0.011523481,
    "MPKS": 0.240023481,
    "MRGS": 0.032387265,
    "MAGS": 0.110558965,
    "MDAL": 0.011698644,
    "YWVI": 0.000872192,
    "RDWI": 0.0,
    "REFI": 0.004227453,
    "RSIH": 0.017806221,
    "MPKF": 0.069877357,
    "REWF": 0.0,
    "MYKL": 0.0,
    "MRKN": 0.021985154,
    "REVK": 0.0,
    "SKLK": 0.0,
    "SKRQ": 0.013356811,
    "MRKS": 0.00989342,
    "MPKW": 0.0,
    "MELR": 0.011007099,
    "SKPS": 0.008358344,
    "MAGT": 0.016592472,
    "MPKR": 0.011227166,
    "REVH": 0.020864208,
    "WRVI": 0.02400051,
    "MPRS": 0.037539037,
    "MPKT": 0.01091882,
    "KEWI": 0.035301227,
    "MEYR": 0.0,
    "MTGS": 0.051969538,
    "MRIY": 0.000129122,
    "MAGW": 0.0,
    "MPGY": 0.027326632,
    "MPKK": 0.0,
    "RKWI": 0.007619551,
    "MAKS": 0.115062667,
    "CVEP": 0.009732898,
    "MWKF": 0.001537819,
    "MRGT": 0.013497901,
    "MEVQ": 0.012550307,
    "MARS": 0.043094535,
    "REWR": 0.015959101,
    "MPQS": 0.171256612,
    "SKKQ": 0.028483462,
    "MERS": 0.012221262,
    "MPPY": 0.029142371,
    "MAKN": 0.004224377,
    "MEWR": 0.057369947,
    "MAAS": 0.261586832,
    "MEVI": 0.0,
    "MPGR": 0.009779531,
    "RQWI": 0.010008352,
    "MVPF": 0.012409239,
    "MPKH": 0.0,
    "MPKL": 0.0,
    "QICV": 0.0,
    "WYKN": 0.028029201,
    "YWCH": 0.0,
    "SKLI": 0.003537671,
    "SPKS": 0.142271887,
    "MPYS": 0.013195408,
    "MAGK": 0.000510087,
    "MPAS": 0.269054546,
    "MAGR": 0.002161535,
    "MAKT": 0.005187478,
    "SPLQ": 0.020257998,
    "REWV": 0.021986176,
    "MAKK": 0.018266231,
    "MPAT": 0.026235633,
    "MPRF": 0.0,
    "MPWR": 0.031745344,
    "MAWR": 0.0,
    "SPAS": 0.158838805,
    "SPGS": 0.070997444,
    "SAAS": 0.186399205,
    "MAKW": 0.042882154,
    "MPVS": 0.404683579,
    "SPRS": 0.039095711,
    "MAAF": 0.035585746,
    "SPKR": 0.019118666,
    "SKAQ": 0.0,
    "MTGF": 0.007382341,
    "MRQY": 0.010943211,
    "MAAT": 0.017702165,
    "MKLS": 0.02016402,
    "SKMQ": 0.032153889,
    "MPQT": 0.019667097,
    "MPQY": 0.023271939,
    "MEKF": 0.003506157,
    "MWFI": 0.008023106,
    "MAGL": 0.00037452,
    "MTRS": 0.016589652,
    "WYVI": 0.0,
    "MAAR": 0.005126966,
    "MEKR": 0.0,
    "MALS": 0.427976461,
    "SPKT": 0.0,
    "MAWI": 0.022253218,
    "MAIT": 0.056225049,
    "MKLQ": 0.011947707,
    "MALT": 0.068571565,
    "SPKL": 0.020754432,
    "MALA": 0.083509099,
    "MPFS": 0.015929083,
    "MPLS": 0.527728018,
    "MAVK": 0.023624172,
    "MAIS": 0.368156364,
    "MPIS": 0.509426193,
    "MPVT": 0.026613868,
    "MALY": 0.006178705,
    "MAAK": 0.033456422,
    "MAVS": 0.314006587,
    "RWKF": 0.0,
    "SKLM": 0.000535082,
    "MPAR": 0.0170052,
    "MATS": 0.240848193,
    "MAGF": 0.02113799,
    "MPKQ": 0.0,
    "SAIS": 0.39445431,
    "LPQS": 0.089203953,
    "MPVV": 0.0,
    "MPIT": 0.079653854,
    "MAVT": 0.038334426,
    "MVIS": 0.215087389,
    "MALG": 0.144196924,
    "KLYM": 0.022841724,
    "SPVS": 0.414260658,
    "MPVW": 0.024465854,
    "SKVQ": 0.018654032,
    "MPIR": 0.058793023,
    "SPIS": 0.439559924,
    "MPLK": 0.0,
    "MPLT": 0.074205402
  }
}