{
  "best_sequence": "KSYS",
  "best_score": 0.0,
  "best_scores_history": [
    -0.109232274,
    -0.109232274,
    -0.10871996,
    -0.10871996,
    0.0,
    0.0,
    0.0,
    0.0
  ],
  "best_sequences_history": [
    "KWYS",
    "KWYS",
    "KQYS",
    "KQYS",
    "KSYS",
    "KSYS",
    "KSYS",
    "KSYS"
  ],
  "final_population": [
    [
      "KSYS",
      0.0
    ],
    [
      "KSYW",
      -0.10312341850000001
    ],
    [
      "KKYS",
      -0.1067796965
    ],
    [
      "KQYS",
      -0.10871996
    ],
    [
      "KWYS",
      -0.109232274
    ],
    [
      "KSYH",
      -0.112094429
    ],
    [
      "KSYL",
      -0.116450924
    ],
    [
      "KRYS",
      -0.1168913625
    ],
    [
      "RSYS",
      -0.1180411255
    ],
    [
      "KSYR",
      -0.1191192085
    ],
    [
      "KSYN",
      -0.119506368
    ],
    [
      "KSWS",
      -0.119562429
    ],
    [
      "KNYS",
      -0.119823645
    ],
    [
      "KTYS",
      -0.1204082155
    ],
    [
      "KSFS",
      -0.1206562075
    ],
    [
      "KSYQ",
      -0.1221789135
    ],
    [
      "KSYT",
      -0.124444938
    ],
    [
      "KSYF",
      -0.1249749
    ],
    [
      "KSYK",
      -0.125
    ],
    [
      "KSYV",
      -0.125
    ],
    [
      "KFYS",
      -0.125
    ],
    [
      "KFYF",
      -0.2281087845
    ],
    [
      "KRYW",
      -0.232302842
    ],
    [
      "KLYW",
      -0.2331862305
    ],
    [
      "KQTS",
      -0.234975888
    ],
    [
      "KSFW",
      -0.2350357695
    ],
    [
      "RNYS",
      -0.2350837815
    ],
    [
      "KRYK",
      -0.2368651575
    ],
    [
      "KWYT",
      -0.237057098
    ],
    [
      "KRFS",
      -0.237253724
    ],
    [
      "SQYS",
      -0.2374165425
    ],
    [
      "KKYR",
      -0.2376831505
    ]
  ],
  "oracle_calls": 220,
  "all_results": {
    "TFDQ": -0.499337954,
    "GRKR": -0.4958285935,
    "NPAI": -0.5,
    "GTCK": -0.4928595185,
    "TCYY": -0.375,
    "EHFA": -0.5,
    "EVCQ": -0.4982603275,
    "KGIA": -0.3704076515,
    "GRTD": -0.494275483,
    "EWYG": -0.372736706,
    "FHQT": -0.5,
    "HYQK": -0.5,
    "RVAH": -0.4943483105,
    "CQRP": -0.4955912585,
    "IGEV": -0.496799322,
    "CAPR": -0.496112991,
    "ANYR": -0.3730017975,
    "KWFS": -0.25,
    "AVPK": -0.498251756,
    "QYDE": -0.5,
    "HPAI": -0.490539022,
    "CACR": -0.498520509,
    "EVPQ": -0.492907219,
    "NPRI": -0.5,
    "CACK": -0.5,
    "AYQK": -0.4965563175,
    "EVPS": -0.371591859,
    "VACR": -0.4930937645,
    "AVPF": -0.4883859905,
    "KWDS": -0.242725113,
    "CQRY": -0.5,
    "AYQV": -0.498605899,
    "KWYS": -0.109232274,
    "RWFS": -0.363091335,
    "KWFY": -0.3495568175,
    "KWYR": -0.243897087,
    "KWDR": -0.37013203100000003,
    "KWDT": -0.362145283,
    "KWES": -0.2423689115,
    "TCFY": -0.5,
    "KWNS": -0.2479824235,
    "EWYF": -0.3541946475,
    "YQWF": -0.48612837,
    "VEPT": -0.494262372,
    "EVQS": -0.341539952,
    "RGIA": -0.5,
    "QWYG": -0.370020168,
    "SKLQ": -0.4891524955,
    "PHYQ": -0.369351388,
    "KWFT": -0.369454645,
    "KGYA": -0.25,
    "KGVA": -0.3508454685,
    "SKWY": -0.5,
    "SKLR": -0.4990574545,
    "KWRS": -0.243317298,
    "EVYY": -0.3647663525,
    "QWFK": -0.5,
    "EWYR": -0.3561668155,
    "CVEP": -0.495133551,
    "KWYY": -0.25,
    "EWYK": -0.375,
    "KVIA": -0.3619343415,
    "KWYG": -0.245717008,
    "SKLA": -0.5,
    "KWYK": -0.25,
    "KLYM": -0.238579138,
    "KGVV": -0.368574504,
    "KWIA": -0.375,
    "KWFK": -0.371999101,
    "KWFG": -0.3542188645,
    "KWPS": -0.2493395985,
    "KWET": -0.373510594,
    "RWYK": -0.3611826425,
    "KWER": -0.3653850455,
    "RWFY": -0.4929177095,
    "KWRR": -0.366701719,
    "MVPY": -0.489808319,
    "KWYF": -0.25,
    "SKYQ": -0.375,
    "KWRT": -0.375,
    "KWYT": -0.237057098,
    "EVVA": -0.4746251115,
    "KWRY": -0.3724799035,
    "KWFR": -0.3718026675,
    "KWYA": -0.25,
    "KWFA": -0.374499019,
    "KQVE": -0.375,
    "YWVF": -0.5,
    "KWRK": -0.3743514965,
    "RNYS": -0.2350837815,
    "KQYS": -0.10871996,
    "RWYS": -0.2431038955,
    "KWRF": -0.3689703035,
    "KWTS": -0.2440215295,
    "KWVA": -0.374233091,
    "KWYM": -0.2482295505,
    "KWYW": -0.242315141,
    "KGYK": -0.25,
    "KLYV": -0.2475658195,
    "KVYK": -0.242569897,
    "KKLY": -0.3728867615,
    "KRYS": -0.1168913625,
    "QKLM": -0.4907562435,
    "KLYW": -0.2331862305,
    "RWYF": -0.3716206165,
    "KWKS": -0.2422015495,
    "KFYA": -0.25,
    "RLYM": -0.3533784295,
    "KLQI": -0.375,
    "KLFM": -0.3595871685,
    "SKLY": -0.5,
    "RWYT": -0.367557708,
    "SWYS": -0.2492484005,
    "KWVS": -0.241480594,
    "KWRG": -0.3724828095,
    "RWES": -0.369230876,
    "KRYT": -0.24127888,
    "KVRK": -0.375,
    "KVYA": -0.25,
    "SWYG": -0.365990292,
    "KVYR": -0.2405077365,
    "KSYN": -0.119506368,
    "KRYK": -0.2368651575,
    "KWFW": -0.375,
    "RNYT": -0.366557416,
    "KWIS": -0.2458215565,
    "KNYS": -0.119823645,
    "KLYF": -0.2389515405,
    "KQTS": -0.234975888,
    "KQES": -0.24435366050000001,
    "RQYS": -0.242323102,
    "KRKS": -0.2462910115,
    "KQYY": -0.25,
    "RLYS": -0.241006667,
    "SKLT": -0.497944696,
    "KQFS": -0.240167224,
    "RNYK": -0.375,
    "KWYQ": -0.25,
    "KWKK": -0.3597437075,
    "KTYN": -0.2442072565,
    "KWYN": -0.2479521335,
    "KRWS": -0.25,
    "SKIQ": -0.5,
    "KQRS": -0.25,
    "KKYS": -0.1067796965,
    "KSYS": 0.0,
    "KNYT": -0.248844339,
    "KWYL": -0.247726176,
    "SKYS": -0.245112018,
    "SQYS": -0.2374165425,
    "KQWS": -0.25,
    "SKLN": -0.498057488,
    "KNFS": -0.23775812,
    "RSYN": -0.243295453,
    "KQYR": -0.25,
    "KRYN": -0.249587774,
    "KQYT": -0.25,
    "KSYQ": -0.1221789135,
    "KSWN": -0.25,
    "KQYF": -0.25,
    "KNYN": -0.248603771,
    "KRFS": -0.237253724,
    "SKLS": -0.3560418755,
    "RSYQ": -0.2488030715,
    "SKYN": -0.375,
    "KSYT": -0.124444938,
    "KNYG": -0.2407668015,
    "SKLE": -0.496554059,
    "KSFQ": -0.2442977015,
    "KFYS": -0.125,
    "RSYS": -0.1180411255,
    "KTYS": -0.1204082155,
    "KSWS": -0.119562429,
    "KSYV": -0.125,
    "KSYW": -0.10312341850000001,
    "SKLK": -0.5,
    "KSYR": -0.1191192085,
    "KSFS": -0.1206562075,
    "KSFV": -0.2453455785,
    "KQYV": -0.25,
    "KSYF": -0.1249749,
    "KKYW": -0.25,
    "HYQW": -0.4442440195,
    "RSYW": -0.239363902,
    "KSWW": -0.244054627,
    "KFYT": -0.244920719,
    "SRLQ": -0.499057995,
    "RRYS": -0.244556117,
    "KRYW": -0.232302842,
    "KKWS": -0.25,
    "SKLW": -0.4865467375,
    "SKYW": -0.3579725175,
    "KSYK": -0.125,
    "KSYL": -0.116450924,
    "KKYT": -0.244618513,
    "RSFS": -0.241970982,
    "KHYT": -0.2450879875,
    "KTYV": -0.2418016245,
    "KKYR": -0.2376831505,
    "KTYW": -0.2465913295,
    "KFYV": -0.24090879,
    "KSWY": -0.2446708715,
    "SKYR": -0.3691329385,
    "KKYV": -0.2439189395,
    "SKYL": -0.3665868255,
    "SWYQ": -0.374007854,
    "KFYW": -0.249885487,
    "RSWR": -0.375,
    "KSWR": -0.25,
    "KFYK": -0.245054705,
    "KSFW": -0.2350357695,
    "KRYL": -0.2398264565,
    "KTYR": -0.2395040885,
    "KSWF": -0.25,
    "KSYH": -0.112094429,
    "KQYW": -0.25,
    "KSLY": -0.2470347005,
    "SKLL": -0.4956927255,
    "SKWS": -0.375,
    "KFYF": -0.2281087845
  }
}